Date,Product_Category,Region,Units_Sold,Unit_Price,Total_Sales,Discount_Percent,Customer_Rating,Profit_Margin
2024-01-05,Electronics,North,45,1200,54000,5,4.5,22.5
2024-01-08,Apparel,South,120,450,54000,10,4.2,18.0
2024-01-12,Home Appliances,East,35,2800,98000,8,4.7,25.0
2024-01-15,Electronics,West,60,1150,69000,5,4.6,21.0
2024-01-19,Furniture,North,25,4500,112500,12,3.9,15.5
2024-01-22,Apparel,East,140,420,58800,15,4.1,16.2
2024-01-25,Footwear,South,85,950,80750,5,4.4,24.0
2024-01-29,Electronics,East,55,1250,68750,7,4.8,23.5
2024-02-02,Home Appliances,North,40,2900,116000,10,4.6,26.0
2024-02-06,Furniture,West,20,4800,96000,10,3.8,14.0
2024-02-10,Footwear,North,95,920,87400,8,4.3,22.0
2024-02-14,Electronics,South,70,1180,82600,12,4.7,20.5
2024-02-18,Apparel,West,160,390,62400,15,4.0,17.5
2024-02-22,Home Appliances,West,45,2750,123750,6,4.8,27.2
2024-02-25,Furniture,East,30,4400,132000,10,4.1,16.0
2024-03-01,Footwear,East,110,890,97900,10,4.5,23.0
2024-03-05,Electronics,North,80,1220,97600,5,4.9,24.5
2024-03-09,Apparel,South,135,460,62100,8,4.3,19.0
2024-03-13,Home Appliances,South,38,2850,108300,5,4.6,25.8
2024-03-17,Furniture,North,18,5200,93600,15,3.7,13.5
2024-03-21,Footwear,West,105,940,98700,5,4.6,24.8
2024-03-25,Electronics,West,90,1200,108000,8,4.8,22.0
2024-03-29,Apparel,North,150,430,64500,10,4.2,18.5
2024-04-02,Home Appliances,East,50,2700,135000,7,4.9,28.0
2024-04-06,Furniture,South,22,4700,103400,10,4.0,15.0
2024-04-10,Footwear,South,115,910,104650,6,4.4,23.5
2024-04-14,Electronics,South,95,1190,113050,10,4.7,21.5
2024-04-18,Apparel,East,175,410,71750,12,4.3,17.8
2024-04-22,Home Appliances,North,48,2950,141600,5,4.8,27.5
2024-04-26,Furniture,East,28,4600,128800,8,4.2,16.5
